"","ntree","AUC.mean","AUC.std","AUC.CI.low","AUC.CI.high","better.than"
"1",500,0.0582727582748163,0.0122590355922909,0.0495031725033308,0.0670423440463017,1
"2",1000,0.0577406538984789,0.0128551274540846,0.0485446496970664,0.0669366580998913,0
"3",2000,0.0565091414518048,0.0130078087853709,0.0472039156056438,0.0658143672979658,0
