"","","No","Yes"
"1",552,0.91304347826087,0.0869565217391304
"2",502,0.868525896414343,0.131474103585657
"3",886,0.933408577878104,0.0665914221218962
"4",52,1,0
"5",569,0.973637961335677,0.0263620386643234
"6",205,0.980487804878049,0.0195121951219512
"7",550,0.963636363636364,0.0363636363636364
"8",1563,0.943058221369162,0.0569417786308381
"9",667,0.937031484257871,0.0629685157421289
"10",276,0.981884057971015,0.0181159420289855
